case_id,no_dev_total,no_constr_total,dev_fitness
STNR000001,14,1565,0.9910543130990416
STNR000002,3,1565,0.9980830670926517
STNR000003,14,1565,0.9910543130990416
STNR000004,5,1565,0.9968051118210862
STNR000005,16,1565,0.9897763578274761
STNR000006,12,1565,0.9923322683706071
STNR000007,8,1565,0.994888178913738
STNR000008,4,1565,0.997444089456869
STNR000009,4,1565,0.997444089456869
STNR000010,4,1565,0.997444089456869
STNR000011,13,1565,0.9916932907348243
STNR000012,5,1565,0.9968051118210862
STNR000013,11,1565,0.9929712460063898
STNR000014,7,1565,0.9955271565495207
STNR000015,10,1565,0.9936102236421726
STNR000016,6,1565,0.9961661341853035
STNR000017,8,1565,0.994888178913738
STNR000018,10,1565,0.9936102236421726
STNR000019,8,1565,0.994888178913738
STNR000020,12,1565,0.9923322683706071
STNR000021,11,1565,0.9929712460063898
STNR000022,7,1565,0.9955271565495207
STNR000023,14,1565,0.9910543130990416
STNR000024,6,1565,0.9961661341853035
STNR000025,10,1565,0.9936102236421726
STNR000026,9,1565,0.9942492012779552
STNR000027,4,1565,0.997444089456869
STNR000028,12,1565,0.9923322683706071
STNR000029,9,1565,0.9942492012779552
STNR000030,6,1565,0.9961661341853035
STNR000031,5,1565,0.9968051118210862
STNR000032,10,1565,0.9936102236421726
STNR000033,4,1565,0.997444089456869
STNR000034,11,1565,0.9929712460063898
STNR000035,11,1565,0.9929712460063898
STNR000036,13,1565,0.9916932907348243
STNR000037,4,1565,0.997444089456869
STNR000038,11,1565,0.9929712460063898
STNR000039,8,1565,0.994888178913738
STNR000040,9,1565,0.9942492012779552
STNR000041,10,1565,0.9936102236421726
STNR000042,9,1565,0.9942492012779552
STNR000043,11,1565,0.9929712460063898
STNR000044,4,1565,0.997444089456869
STNR000045,10,1565,0.9936102236421726
STNR000046,8,1565,0.994888178913738
STNR000047,3,1565,0.9980830670926517
STNR000048,15,1565,0.9904153354632588
STNR000049,13,1565,0.9916932907348243
STNR000050,10,1565,0.9936102236421726
STNR000051,7,1565,0.9955271565495207
STNR000052,7,1565,0.9955271565495207
STNR000053,8,1565,0.994888178913738
STNR000054,6,1565,0.9961661341853035
STNR000055,4,1565,0.997444089456869
STNR000057,4,1565,0.997444089456869
STNR000058,5,1565,0.9968051118210862
STNR000059,3,1565,0.9980830670926517
STNR000060,4,1565,0.997444089456869
STNR000061,7,1565,0.9955271565495207
STNR000062,3,1565,0.9980830670926517
STNR000063,7,1565,0.9955271565495207
STNR000064,3,1565,0.9980830670926517
STNR000065,5,1565,0.9968051118210862
STNR000066,6,1565,0.9961661341853035
STNR000067,13,1565,0.9916932907348243
STNR000068,8,1565,0.994888178913738
STNR000069,3,1565,0.9980830670926517
STNR000070,5,1565,0.9968051118210862
STNR000071,12,1565,0.9923322683706071
STNR000072,10,1565,0.9936102236421726
STNR000073,5,1565,0.9968051118210862
STNR000074,14,1565,0.9910543130990416
STNR000075,8,1565,0.994888178913738
STNR000076,20,1565,0.9872204472843451
STNR000077,14,1565,0.9910543130990416
STNR000078,5,1565,0.9968051118210862
STNR000079,3,1565,0.9980830670926517
STNR000080,8,1565,0.994888178913738
STNR000081,5,1565,0.9968051118210862
STNR000082,3,1565,0.9980830670926517
STNR000083,7,1565,0.9955271565495207
STNR000084,9,1565,0.9942492012779552
STNR000085,4,1565,0.997444089456869
STNR000086,6,1565,0.9961661341853035
STNR000087,5,1565,0.9968051118210862
STNR000088,7,1565,0.9955271565495207
STNR000089,10,1565,0.9936102236421726
STNR000090,5,1565,0.9968051118210862
STNR000091,3,1565,0.9980830670926517
STNR000092,13,1565,0.9916932907348243
STNR000093,9,1565,0.9942492012779552
STNR000094,14,1565,0.9910543130990416
STNR000095,7,1565,0.9955271565495207
STNR000096,8,1565,0.994888178913738
STNR000097,8,1565,0.994888178913738
STNR000098,5,1565,0.9968051118210862
STNR000099,5,1565,0.9968051118210862
STNR000100,9,1565,0.9942492012779552
STNR000101,5,1565,0.9968051118210862
STNR000102,8,1565,0.994888178913738
STNR000103,9,1565,0.9942492012779552
STNR000104,10,1565,0.9936102236421726
STNR000105,6,1565,0.9961661341853035
STNR000106,6,1565,0.9961661341853035
STNR000107,9,1565,0.9942492012779552
STNR000108,6,1565,0.9961661341853035
STNR000109,8,1565,0.994888178913738
STNR000110,11,1565,0.9929712460063898
STNR000111,5,1565,0.9968051118210862
STNR000112,10,1565,0.9936102236421726
STNR000113,13,1565,0.9916932907348243
STNR000114,10,1565,0.9936102236421726
STNR000115,12,1565,0.9923322683706071
STNR000116,7,1565,0.9955271565495207
STNR000117,4,1565,0.997444089456869
STNR000118,10,1565,0.9936102236421726
STNR000119,16,1565,0.9897763578274761
STNR000120,15,1565,0.9904153354632588
STNR000121,13,1565,0.9916932907348243
STNR000122,14,1565,0.9910543130990416
STNR000123,17,1565,0.9891373801916933
STNR000124,5,1565,0.9968051118210862
STNR000125,10,1565,0.9936102236421726
STNR000126,4,1565,0.997444089456869
STNR000127,5,1565,0.9968051118210862
STNR000128,6,1565,0.9961661341853035
STNR000129,13,1565,0.9916932907348243
STNR000130,6,1565,0.9961661341853035
STNR000131,6,1565,0.9961661341853035
STNR000132,9,1565,0.9942492012779552
STNR000133,7,1565,0.9955271565495207
STNR000134,9,1565,0.9942492012779552
STNR000135,18,1565,0.9884984025559106
STNR000136,11,1565,0.9929712460063898
STNR000137,9,1565,0.9942492012779552
STNR000138,8,1565,0.994888178913738
STNR000139,9,1565,0.9942492012779552
STNR000140,8,1565,0.994888178913738
STNR000141,9,1565,0.9942492012779552
STNR000142,12,1565,0.9923322683706071
STNR000143,11,1565,0.9929712460063898
STNR000144,11,1565,0.9929712460063898
STNR000145,6,1565,0.9961661341853035
STNR000146,6,1565,0.9961661341853035
STNR000147,9,1565,0.9942492012779552
STNR000148,10,1565,0.9936102236421726
STNR000149,12,1565,0.9923322683706071
STNR000150,11,1565,0.9929712460063898
STNR000151,11,1565,0.9929712460063898
STNR000152,10,1565,0.9936102236421726
STNR000153,7,1565,0.9955271565495207
STNR000154,12,1565,0.9923322683706071
STNR000155,4,1565,0.997444089456869
STNR000156,8,1565,0.994888178913738
STNR000157,8,1565,0.994888178913738
STNR000158,14,1565,0.9910543130990416
STNR000159,14,1565,0.9910543130990416
STNR000160,10,1565,0.9936102236421726
STNR000161,16,1565,0.9897763578274761
STNR000162,18,1565,0.9884984025559106
STNR000163,16,1565,0.9897763578274761
STNR000164,14,1565,0.9910543130990416
STNR000165,9,1565,0.9942492012779552
STNR000166,8,1565,0.994888178913738
STNR000167,18,1565,0.9884984025559106
STNR000168,10,1565,0.9936102236421726
STNR000169,22,1565,0.9859424920127795
STNR000170,8,1565,0.994888178913738
STNR000171,8,1565,0.994888178913738
STNR000172,3,1565,0.9980830670926517
STNR000173,3,1565,0.9980830670926517
STNR000174,3,1565,0.9980830670926517
STNR000175,5,1565,0.9968051118210862
STNR000176,3,1565,0.9980830670926517
STNR000177,12,1565,0.9923322683706071
STNR000178,3,1565,0.9980830670926517
STNR000179,3,1565,0.9980830670926517
STNR000180,12,1565,0.9923322683706071
STNR000181,16,1565,0.9897763578274761
STNR000182,6,1565,0.9961661341853035
STNR000183,16,1565,0.9897763578274761
STNR000184,7,1565,0.9955271565495207
STNR000185,8,1565,0.994888178913738
STNR000186,3,1565,0.9980830670926517
STNR000187,6,1565,0.9961661341853035
STNR000188,6,1565,0.9961661341853035
STNR000189,15,1565,0.9904153354632588
STNR000190,18,1565,0.9884984025559106
STNR000191,11,1565,0.9929712460063898
STNR000192,14,1565,0.9910543130990416
STNR000193,19,1565,0.9878594249201278
STNR000194,15,1565,0.9904153354632588
STNR000195,16,1565,0.9897763578274761
STNR000196,13,1565,0.9916932907348243
STNR000197,13,1565,0.9916932907348243
STNR000198,9,1565,0.9942492012779552
STNR000199,10,1565,0.9936102236421726
STNR000200,11,1565,0.9929712460063898
STNR000201,10,1565,0.9936102236421726
STNR000202,11,1565,0.9929712460063898
STNR000203,17,1565,0.9891373801916933
STNR000204,22,1565,0.9859424920127795
STNR000205,18,1565,0.9884984025559106
STNR000206,17,1565,0.9891373801916933
STNR000207,16,1565,0.9897763578274761
STNR000208,17,1565,0.9891373801916933
STNR000209,16,1565,0.9897763578274761
STNR000210,3,1565,0.9980830670926517
STNR000211,4,1565,0.997444089456869
STNR000212,5,1565,0.9968051118210862
STNR000213,4,1565,0.997444089456869
STNR000214,4,1565,0.997444089456869
STNR000215,5,1565,0.9968051118210862
STNR000216,4,1565,0.997444089456869
STNR000217,4,1565,0.997444089456869
STNR000218,3,1565,0.9980830670926517
STNR000219,3,1565,0.9980830670926517
STNR000220,3,1565,0.9980830670926517
STNR000221,5,1565,0.9968051118210862
STNR000222,3,1565,0.9980830670926517
STNR000223,3,1565,0.9980830670926517
STNR000224,4,1565,0.997444089456869
STNR000225,6,1565,0.9961661341853035
STNR000226,6,1565,0.9961661341853035
STNR000227,6,1565,0.9961661341853035
STNR000228,6,1565,0.9961661341853035
STNR000229,6,1565,0.9961661341853035
STNR000230,3,1565,0.9980830670926517
STNR000231,9,1565,0.9942492012779552
STNR000232,5,1565,0.9968051118210862
STNR000233,5,1565,0.9968051118210862
STNR000234,4,1565,0.997444089456869
STNR000235,6,1565,0.9961661341853035
STNR000236,8,1565,0.994888178913738
STNR000237,8,1565,0.994888178913738
STNR000238,8,1565,0.994888178913738
STNR000239,7,1565,0.9955271565495207
STNR000240,9,1565,0.9942492012779552
STNR000241,5,1565,0.9968051118210862
STNR000242,4,1565,0.997444089456869
STNR000243,6,1565,0.9961661341853035
STNR000244,11,1565,0.9929712460063898
STNR000245,8,1565,0.994888178913738
STNR000246,3,1565,0.9980830670926517
STNR000247,7,1565,0.9955271565495207
STNR000248,3,1565,0.9980830670926517
STNR000249,9,1565,0.9942492012779552
STNR000250,7,1565,0.9955271565495207
STNR000251,9,1565,0.9942492012779552
STNR000252,11,1565,0.9929712460063898
STNR000253,8,1565,0.994888178913738
STNR000254,9,1565,0.9942492012779552
STNR000255,3,1565,0.9980830670926517
STNR000256,3,1565,0.9980830670926517
STNR000257,8,1565,0.994888178913738
STNR000258,6,1565,0.9961661341853035
STNR000259,6,1565,0.9961661341853035
STNR000260,7,1565,0.9955271565495207
STNR000261,10,1565,0.9936102236421726
STNR000262,14,1565,0.9910543130990416
STNR000263,3,1565,0.9980830670926517
STNR000264,3,1565,0.9980830670926517
STNR000265,3,1565,0.9980830670926517
STNR000266,3,1565,0.9980830670926517
STNR000267,15,1565,0.9904153354632588
STNR000268,16,1565,0.9897763578274761
STNR000269,16,1565,0.9897763578274761
STNR000270,11,1565,0.9929712460063898
STNR000271,3,1565,0.9980830670926517
STNR000272,4,1565,0.997444089456869
STNR000273,3,1565,0.9980830670926517
STNR000274,3,1565,0.9980830670926517
STNR000275,4,1565,0.997444089456869
STNR000276,3,1565,0.9980830670926517
STNR000277,4,1565,0.997444089456869
STNR000278,3,1565,0.9980830670926517
STNR000279,11,1565,0.9929712460063898
STNR000280,3,1565,0.9980830670926517
STNR000281,11,1565,0.9929712460063898
STNR000282,3,1565,0.9980830670926517
STNR000283,3,1565,0.9980830670926517
STNR000284,3,1565,0.9980830670926517
STNR000285,3,1565,0.9980830670926517
STNR000286,16,1565,0.9897763578274761
STNR000287,4,1565,0.997444089456869
STNR000288,6,1565,0.9961661341853035
STNR000289,5,1565,0.9968051118210862
STNR000290,6,1565,0.9961661341853035
STNR000291,3,1565,0.9980830670926517
STNR000292,7,1565,0.9955271565495207
STNR000293,6,1565,0.9961661341853035
STNR000294,4,1565,0.997444089456869
STNR000295,4,1565,0.997444089456869
STNR000296,6,1565,0.9961661341853035
STNR000297,8,1565,0.994888178913738
STNR000298,9,1565,0.9942492012779552
STNR000299,12,1565,0.9923322683706071
STNR000300,7,1565,0.9955271565495207
STNR000301,7,1565,0.9955271565495207
STNR000302,13,1565,0.9916932907348243
STNR000303,8,1565,0.994888178913738
STNR000304,17,1565,0.9891373801916933
STNR000305,11,1565,0.9929712460063898
STNR000306,4,1565,0.997444089456869
STNR000307,9,1565,0.9942492012779552
STNR000308,12,1565,0.9923322683706071
STNR000309,10,1565,0.9936102236421726
STNR000310,13,1565,0.9916932907348243
STNR000311,10,1565,0.9936102236421726
STNR000312,8,1565,0.994888178913738
STNR000313,9,1565,0.9942492012779552
STNR000314,9,1565,0.9942492012779552
STNR000315,10,1565,0.9936102236421726
STNR000316,8,1565,0.994888178913738
STNR000317,9,1565,0.9942492012779552
STNR000318,3,1565,0.9980830670926517
STNR000319,11,1565,0.9929712460063898
STNR000320,9,1565,0.9942492012779552
STNR000321,18,1565,0.9884984025559106
STNR000322,11,1565,0.9929712460063898
STNR000323,8,1565,0.994888178913738
STNR000324,14,1565,0.9910543130990416
STNR000325,14,1565,0.9910543130990416
STNR000326,19,1565,0.9878594249201278
STNR000327,14,1565,0.9910543130990416
STNR000328,3,1565,0.9980830670926517
STNR000329,13,1565,0.9916932907348243
STNR000330,11,1565,0.9929712460063898
STNR000331,13,1565,0.9916932907348243
STNR000332,10,1565,0.9936102236421726
STNR000333,9,1565,0.9942492012779552
STNR000334,14,1565,0.9910543130990416
STNR000335,15,1565,0.9904153354632588
STNR000336,12,1565,0.9923322683706071
STNR000337,15,1565,0.9904153354632588
STNR000338,3,1565,0.9980830670926517
STNR000339,9,1565,0.9942492012779552
STNR000340,11,1565,0.9929712460063898
STNR000341,15,1565,0.9904153354632588
STNR000342,14,1565,0.9910543130990416
STNR000343,13,1565,0.9916932907348243
STNR000344,3,1565,0.9980830670926517
STNR000345,6,1565,0.9961661341853035
STNR000346,12,1565,0.9923322683706071
STNR000347,9,1565,0.9942492012779552
STNR000348,9,1565,0.9942492012779552
STNR000349,12,1565,0.9923322683706071
STNR000350,12,1565,0.9923322683706071
STNR000351,9,1565,0.9942492012779552
STNR000352,15,1565,0.9904153354632588
STNR000353,10,1565,0.9936102236421726
STNR000354,12,1565,0.9923322683706071
STNR000355,16,1565,0.9897763578274761
STNR000356,16,1565,0.9897763578274761
STNR000357,9,1565,0.9942492012779552
STNR000358,9,1565,0.9942492012779552
STNR000359,18,1565,0.9884984025559106
STNR000360,18,1565,0.9884984025559106
STNR000361,18,1565,0.9884984025559106
STNR000362,4,1565,0.997444089456869
STNR000363,13,1565,0.9916932907348243
STNR000364,4,1565,0.997444089456869
STNR000365,3,1565,0.9980830670926517
STNR000366,3,1565,0.9980830670926517
STNR000367,14,1565,0.9910543130990416
STNR000368,7,1565,0.9955271565495207
STNR000369,4,1565,0.997444089456869
STNR000370,8,1565,0.994888178913738
STNR000371,8,1565,0.994888178913738
STNR000372,3,1565,0.9980830670926517
STNR000373,3,1565,0.9980830670926517
STNR000374,10,1565,0.9936102236421726
STNR000375,12,1565,0.9923322683706071
STNR000376,12,1565,0.9923322683706071
STNR000377,4,1565,0.997444089456869
STNR000378,3,1565,0.9980830670926517
STNR000379,3,1565,0.9980830670926517
STNR000380,6,1565,0.9961661341853035
STNR000381,6,1565,0.9961661341853035
STNR000382,7,1565,0.9955271565495207
STNR000383,4,1565,0.997444089456869
STNR000384,5,1565,0.9968051118210862
STNR000385,20,1565,0.9872204472843451
STNR000386,9,1565,0.9942492012779552
STNR000387,13,1565,0.9916932907348243
STNR000388,5,1565,0.9968051118210862
STNR000389,11,1565,0.9929712460063898
STNR000390,3,1565,0.9980830670926517
STNR000391,3,1565,0.9980830670926517
STNR000392,3,1565,0.9980830670926517
STNR000393,3,1565,0.9980830670926517
STNR000394,6,1565,0.9961661341853035
STNR000395,3,1565,0.9980830670926517
STNR000396,3,1565,0.9980830670926517
STNR000397,7,1565,0.9955271565495207
STNR000398,3,1565,0.9980830670926517
STNR000399,6,1565,0.9961661341853035
STNR000400,10,1565,0.9936102236421726
STNR000401,4,1565,0.997444089456869
STNR000402,3,1565,0.9980830670926517
STNR000403,3,1565,0.9980830670926517
STNR000404,3,1565,0.9980830670926517
STNR000405,3,1565,0.9980830670926517
STNR000406,9,1565,0.9942492012779552
STNR000407,3,1565,0.9980830670926517
STNR000408,4,1565,0.997444089456869
STNR000409,3,1565,0.9980830670926517
STNR000410,8,1565,0.994888178913738
STNR000411,7,1565,0.9955271565495207
STNR000412,7,1565,0.9955271565495207
STNR000413,6,1565,0.9961661341853035
STNR000414,8,1565,0.994888178913738
STNR000415,10,1565,0.9936102236421726
STNR000416,9,1565,0.9942492012779552
STNR000417,7,1565,0.9955271565495207
STNR000418,9,1565,0.9942492012779552
STNR000419,12,1565,0.9923322683706071
STNR000420,3,1565,0.9980830670926517
STNR000421,4,1565,0.997444089456869
STNR000422,12,1565,0.9923322683706071
STNR000423,7,1565,0.9955271565495207
STNR000424,15,1565,0.9904153354632588
STNR000425,7,1565,0.9955271565495207
STNR000426,3,1565,0.9980830670926517
STNR000427,19,1565,0.9878594249201278
STNR000428,6,1565,0.9961661341853035
STNR000429,13,1565,0.9916932907348243
STNR000430,4,1565,0.997444089456869
STNR000431,7,1565,0.9955271565495207
STNR000432,12,1565,0.9923322683706071
STNR000433,5,1565,0.9968051118210862
STNR000434,3,1565,0.9980830670926517
STNR000435,6,1565,0.9961661341853035
STNR000436,9,1565,0.9942492012779552
STNR000437,7,1565,0.9955271565495207
STNR000438,10,1565,0.9936102236421726
STNR000439,9,1565,0.9942492012779552
STNR000440,7,1565,0.9955271565495207
STNR000441,5,1565,0.9968051118210862
STNR000442,3,1565,0.9980830670926517
STNR000443,9,1565,0.9942492012779552
STNR000444,4,1565,0.997444089456869
STNR000445,9,1565,0.9942492012779552
STNR000446,8,1565,0.994888178913738
STNR000447,6,1565,0.9961661341853035
STNR000448,7,1565,0.9955271565495207
STNR000449,8,1565,0.994888178913738
STNR000450,8,1565,0.994888178913738
STNR000451,7,1565,0.9955271565495207
STNR000452,8,1565,0.994888178913738
STNR000453,14,1565,0.9910543130990416
STNR000454,10,1565,0.9936102236421726
STNR000455,10,1565,0.9936102236421726
STNR000456,11,1565,0.9929712460063898
STNR000457,10,1565,0.9936102236421726
STNR000458,9,1565,0.9942492012779552
STNR000459,11,1565,0.9929712460063898
STNR000460,5,1565,0.9968051118210862
STNR000461,6,1565,0.9961661341853035
STNR000462,6,1565,0.9961661341853035
STNR000463,8,1565,0.994888178913738
STNR000464,8,1565,0.994888178913738
STNR000465,8,1565,0.994888178913738
STNR000466,9,1565,0.9942492012779552
STNR000467,8,1565,0.994888178913738
STNR000468,8,1565,0.994888178913738
STNR000469,7,1565,0.9955271565495207
STNR000470,7,1565,0.9955271565495207
STNR000471,14,1565,0.9910543130990416
STNR000472,16,1565,0.9897763578274761
STNR000473,13,1565,0.9916932907348243
STNR000474,10,1565,0.9936102236421726
STNR000475,16,1565,0.9897763578274761
STNR000476,13,1565,0.9916932907348243
STNR000477,8,1565,0.994888178913738
STNR000478,12,1565,0.9923322683706071
STNR000479,13,1565,0.9916932907348243
STNR000480,12,1565,0.9923322683706071
STNR000481,13,1565,0.9916932907348243
STNR000482,7,1565,0.9955271565495207
STNR000483,7,1565,0.9955271565495207
STNR000484,6,1565,0.9961661341853035
STNR000485,7,1565,0.9955271565495207
STNR000486,7,1565,0.9955271565495207
STNR000487,7,1565,0.9955271565495207
STNR000488,14,1565,0.9910543130990416
STNR000489,14,1565,0.9910543130990416
STNR000490,14,1565,0.9910543130990416
STNR000491,7,1565,0.9955271565495207
STNR000492,12,1565,0.9923322683706071
STNR000493,15,1565,0.9904153354632588
STNR000494,8,1565,0.994888178913738
STNR000495,12,1565,0.9923322683706071
STNR000496,6,1565,0.9961661341853035
STNR000497,6,1565,0.9961661341853035
STNR000498,8,1565,0.994888178913738
STNR000499,6,1565,0.9961661341853035
STNR000500,5,1565,0.9968051118210862
STNR000501,13,1565,0.9916932907348243
STNR000502,12,1565,0.9923322683706071
STNR000503,9,1565,0.9942492012779552
STNR000504,9,1565,0.9942492012779552
STNR000505,8,1565,0.994888178913738
STNR000506,20,1565,0.9872204472843451
STNR000507,5,1565,0.9968051118210862
STNR000508,12,1565,0.9923322683706071
STNR000509,7,1565,0.9955271565495207
STNR000510,16,1565,0.9897763578274761
STNR000511,10,1565,0.9936102236421726
STNR000512,11,1565,0.9929712460063898
STNR000513,4,1565,0.997444089456869
STNR000514,12,1565,0.9923322683706071
STNR000515,11,1565,0.9929712460063898
STNR000517,7,1565,0.9955271565495207
STNR000518,5,1565,0.9968051118210862
STNR000519,5,1565,0.9968051118210862
STNR000520,10,1565,0.9936102236421726
STNR000521,8,1565,0.994888178913738
STNR000522,8,1565,0.994888178913738
STNR000523,7,1565,0.9955271565495207
STNR000524,9,1565,0.9942492012779552
STNR000525,9,1565,0.9942492012779552
STNR000526,6,1565,0.9961661341853035
STNR000527,5,1565,0.9968051118210862
STNR000528,4,1565,0.997444089456869
STNR000529,6,1565,0.9961661341853035
STNR000530,7,1565,0.9955271565495207
STNR000531,5,1565,0.9968051118210862
STNR000532,7,1565,0.9955271565495207
STNR000533,5,1565,0.9968051118210862
STNR000534,8,1565,0.994888178913738
STNR000535,9,1565,0.9942492012779552
STNR000536,19,1565,0.9878594249201278
STNR000537,6,1565,0.9961661341853035
STNR000538,8,1565,0.994888178913738
STNR000539,11,1565,0.9929712460063898
STNR000540,6,1565,0.9961661341853035
STNR000541,12,1565,0.9923322683706071
STNR000542,7,1565,0.9955271565495207
STNR000543,10,1565,0.9936102236421726
STNR000544,12,1565,0.9923322683706071
STNR000545,5,1565,0.9968051118210862
STNR000546,5,1565,0.9968051118210862
STNR000548,3,1565,0.9980830670926517
STNR000549,3,1565,0.9980830670926517
STNR000550,3,1565,0.9980830670926517
STNR000551,10,1565,0.9936102236421726
STNR000552,4,1565,0.997444089456869
STNR000553,13,1565,0.9916932907348243
STNR000554,5,1565,0.9968051118210862
STNR000555,7,1565,0.9955271565495207
STNR000556,8,1565,0.994888178913738
STNR000557,5,1565,0.9968051118210862
STNR000558,3,1565,0.9980830670926517
STNR000559,4,1565,0.997444089456869
STNR000560,5,1565,0.9968051118210862
STNR000561,8,1565,0.994888178913738
STNR000562,5,1565,0.9968051118210862
STNR000563,3,1565,0.9980830670926517
STNR000564,8,1565,0.994888178913738
STNR000565,7,1565,0.9955271565495207
STNR000566,7,1565,0.9955271565495207
STNR000567,7,1565,0.9955271565495207
STNR000568,5,1565,0.9968051118210862
STNR000569,5,1565,0.9968051118210862
STNR000570,9,1565,0.9942492012779552
STNR000571,9,1565,0.9942492012779552
STNR000572,7,1565,0.9955271565495207
STNR000573,12,1565,0.9923322683706071
STNR000574,3,1565,0.9980830670926517
STNR000575,3,1565,0.9980830670926517
STNR000576,9,1565,0.9942492012779552
STNR000577,12,1565,0.9923322683706071
STNR000578,9,1565,0.9942492012779552
STNR000579,10,1565,0.9936102236421726
STNR000580,7,1565,0.9955271565495207
STNR000581,3,1565,0.9980830670926517
STNR000582,3,1565,0.9980830670926517
STNR000583,3,1565,0.9980830670926517
STNR000584,4,1565,0.997444089456869
STNR000585,6,1565,0.9961661341853035
STNR000586,10,1565,0.9936102236421726
STNR000587,3,1565,0.9980830670926517
STNR000588,6,1565,0.9961661341853035
STNR000589,9,1565,0.9942492012779552
STNR000590,10,1565,0.9936102236421726
STNR000591,5,1565,0.9968051118210862
STNR000592,8,1565,0.994888178913738
STNR000593,8,1565,0.994888178913738
STNR000594,3,1565,0.9980830670926517
STNR000595,3,1565,0.9980830670926517
STNR000596,5,1565,0.9968051118210862
STNR000597,3,1565,0.9980830670926517
STNR000598,6,1565,0.9961661341853035
STNR000599,3,1565,0.9980830670926517
STNR000600,6,1565,0.9961661341853035
STNR000601,4,1565,0.997444089456869
STNR000602,7,1565,0.9955271565495207
STNR000603,10,1565,0.9936102236421726
STNR000604,10,1565,0.9936102236421726
STNR000605,7,1565,0.9955271565495207
STNR000606,10,1565,0.9936102236421726
STNR000607,13,1565,0.9916932907348243
STNR000608,10,1565,0.9936102236421726
STNR000609,9,1565,0.9942492012779552
STNR000610,6,1565,0.9961661341853035
STNR000611,4,1565,0.997444089456869
STNR000612,4,1565,0.997444089456869
STNR000613,5,1565,0.9968051118210862
STNR000614,4,1565,0.997444089456869
STNR000615,4,1565,0.997444089456869
STNR000616,4,1565,0.997444089456869
STNR000617,4,1565,0.997444089456869
STNR000618,3,1565,0.9980830670926517
STNR000619,6,1565,0.9961661341853035
STNR000620,8,1565,0.994888178913738
STNR000621,10,1565,0.9936102236421726
STNR000622,3,1565,0.9980830670926517
STNR000623,9,1565,0.9942492012779552
STNR000624,4,1565,0.997444089456869
STNR000625,6,1565,0.9961661341853035
STNR000626,6,1565,0.9961661341853035
STNR000627,5,1565,0.9968051118210862
STNR000628,6,1565,0.9961661341853035
STNR000629,6,1565,0.9961661341853035
STNR000630,5,1565,0.9968051118210862
STNR000631,4,1565,0.997444089456869
STNR000632,3,1565,0.9980830670926517
STNR000633,3,1565,0.9980830670926517
STNR000634,3,1565,0.9980830670926517
STNR000635,6,1565,0.9961661341853035
STNR000636,3,1565,0.9980830670926517
STNR000637,8,1565,0.994888178913738
STNR000638,4,1565,0.997444089456869
STNR000639,5,1565,0.9968051118210862
STNR000640,14,1565,0.9910543130990416
STNR000641,10,1565,0.9936102236421726
STNR000642,9,1565,0.9942492012779552
STNR000643,5,1565,0.9968051118210862
STNR000644,6,1565,0.9961661341853035
STNR000645,8,1565,0.994888178913738
STNR000646,7,1565,0.9955271565495207
STNR000647,7,1565,0.9955271565495207
STNR000648,5,1565,0.9968051118210862
STNR000649,8,1565,0.994888178913738
STNR000650,7,1565,0.9955271565495207
STNR000651,9,1565,0.9942492012779552
STNR000652,7,1565,0.9955271565495207
STNR000653,8,1565,0.994888178913738
STNR000654,5,1565,0.9968051118210862
STNR000655,6,1565,0.9961661341853035
STNR000656,4,1565,0.997444089456869
STNR000657,8,1565,0.994888178913738
STNR000658,6,1565,0.9961661341853035
STNR000659,7,1565,0.9955271565495207
STNR000660,4,1565,0.997444089456869
STNR000661,8,1565,0.994888178913738
STNR000662,8,1565,0.994888178913738
STNR000663,3,1565,0.9980830670926517
STNR000664,8,1565,0.994888178913738
STNR000665,9,1565,0.9942492012779552
STNR000666,14,1565,0.9910543130990416
STNR000667,8,1565,0.994888178913738
STNR000668,7,1565,0.9955271565495207
STNR000669,7,1565,0.9955271565495207
STNR000670,8,1565,0.994888178913738
STNR000671,3,1565,0.9980830670926517
STNR000672,7,1565,0.9955271565495207
STNR000673,11,1565,0.9929712460063898
STNR000674,10,1565,0.9936102236421726
STNR000675,6,1565,0.9961661341853035
STNR000676,10,1565,0.9936102236421726
STNR000677,7,1565,0.9955271565495207
STNR000678,8,1565,0.994888178913738
STNR000679,9,1565,0.9942492012779552
STNR000680,4,1565,0.997444089456869
STNR000681,3,1565,0.9980830670926517
STNR000682,5,1565,0.9968051118210862
STNR000683,7,1565,0.9955271565495207
STNR000684,4,1565,0.997444089456869
STNR000685,3,1565,0.9980830670926517
STNR000686,5,1565,0.9968051118210862
STNR000687,5,1565,0.9968051118210862
STNR000688,7,1565,0.9955271565495207
STNR000689,5,1565,0.9968051118210862
STNR000690,7,1565,0.9955271565495207
STNR000691,9,1565,0.9942492012779552
STNR000692,6,1565,0.9961661341853035
STNR000693,7,1565,0.9955271565495207
STNR000694,11,1565,0.9929712460063898
STNR000695,6,1565,0.9961661341853035
STNR000696,8,1565,0.994888178913738
STNR000697,8,1565,0.994888178913738
STNR000698,10,1565,0.9936102236421726
STNR000699,5,1565,0.9968051118210862
STNR000700,7,1565,0.9955271565495207
STNR000701,12,1565,0.9923322683706071
STNR000702,8,1565,0.994888178913738
STNR000703,3,1565,0.9980830670926517
STNR000704,3,1565,0.9980830670926517
STNR000705,13,1565,0.9916932907348243
STNR000706,5,1565,0.9968051118210862
STNR000707,5,1565,0.9968051118210862
STNR000708,8,1565,0.994888178913738
STNR000709,8,1565,0.994888178913738
STNR000710,3,1565,0.9980830670926517
STNR000711,10,1565,0.9936102236421726
STNR000712,9,1565,0.9942492012779552
STNR000713,12,1565,0.9923322683706071
STNR000714,12,1565,0.9923322683706071
STNR000715,4,1565,0.997444089456869
STNR000716,7,1565,0.9955271565495207
STNR000717,11,1565,0.9929712460063898
STNR000718,10,1565,0.9936102236421726
STNR000719,7,1565,0.9955271565495207
STNR000720,7,1565,0.9955271565495207
STNR000721,13,1565,0.9916932907348243
STNR000722,14,1565,0.9910543130990416
STNR000723,14,1565,0.9910543130990416
STNR000724,8,1565,0.994888178913738
STNR000725,6,1565,0.9961661341853035
STNR000726,6,1565,0.9961661341853035
STNR000727,8,1565,0.994888178913738
STNR000728,3,1565,0.9980830670926517
STNR000729,9,1565,0.9942492012779552
STNR000730,6,1565,0.9961661341853035
STNR000731,9,1565,0.9942492012779552
STNR000732,10,1565,0.9936102236421726
STNR000733,10,1565,0.9936102236421726
STNR000734,10,1565,0.9936102236421726
STNR000735,12,1565,0.9923322683706071
STNR000736,3,1565,0.9980830670926517
STNR000737,3,1565,0.9980830670926517
STNR000738,8,1565,0.994888178913738
STNR000739,3,1565,0.9980830670926517
STNR000740,3,1565,0.9980830670926517
STNR000741,3,1565,0.9980830670926517
STNR000742,3,1565,0.9980830670926517
STNR000743,6,1565,0.9961661341853035
STNR000744,6,1565,0.9961661341853035
STNR000745,4,1565,0.997444089456869
STNR000746,7,1565,0.9955271565495207
STNR000747,4,1565,0.997444089456869
STNR000748,5,1565,0.9968051118210862
STNR000749,5,1565,0.9968051118210862
STNR000750,4,1565,0.997444089456869
STNR000751,5,1565,0.9968051118210862
STNR000752,3,1565,0.9980830670926517
STNR000753,7,1565,0.9955271565495207
STNR000754,3,1565,0.9980830670926517
STNR000755,7,1565,0.9955271565495207
STNR000756,6,1565,0.9961661341853035
STNR000757,8,1565,0.994888178913738
STNR000758,12,1565,0.9923322683706071
STNR000759,6,1565,0.9961661341853035
STNR000760,7,1565,0.9955271565495207
STNR000761,11,1565,0.9929712460063898
STNR000762,3,1565,0.9980830670926517
STNR000763,4,1565,0.997444089456869
STNR000764,7,1565,0.9955271565495207
STNR000765,5,1565,0.9968051118210862
STNR000766,6,1565,0.9961661341853035
STNR000767,4,1565,0.997444089456869
STNR000768,8,1565,0.994888178913738
STNR000769,5,1565,0.9968051118210862
STNR000770,6,1565,0.9961661341853035
STNR000771,10,1565,0.9936102236421726
STNR000772,7,1565,0.9955271565495207
STNR000773,9,1565,0.9942492012779552
STNR000774,3,1565,0.9980830670926517
STNR000775,13,1565,0.9916932907348243
STNR000776,5,1565,0.9968051118210862
STNR000777,6,1565,0.9961661341853035
STNR000778,7,1565,0.9955271565495207
STNR000779,6,1565,0.9961661341853035
STNR000780,5,1565,0.9968051118210862
STNR000781,8,1565,0.994888178913738
STNR000782,3,1565,0.9980830670926517
STNR000783,7,1565,0.9955271565495207
STNR000784,5,1565,0.9968051118210862
STNR000785,3,1565,0.9980830670926517
STNR000786,3,1565,0.9980830670926517
STNR000787,5,1565,0.9968051118210862
STNR000788,6,1565,0.9961661341853035
STNR000789,7,1565,0.9955271565495207
STNR000790,9,1565,0.9942492012779552
STNR000791,10,1565,0.9936102236421726
STNR000792,9,1565,0.9942492012779552
STNR000793,15,1565,0.9904153354632588
STNR000794,3,1565,0.9980830670926517
STNR000795,10,1565,0.9936102236421726
STNR000796,4,1565,0.997444089456869
STNR000797,7,1565,0.9955271565495207
STNR000798,3,1565,0.9980830670926517
STNR000799,3,1565,0.9980830670926517
STNR000800,3,1565,0.9980830670926517
STNR000801,3,1565,0.9980830670926517
STNR000802,3,1565,0.9980830670926517
STNR000803,4,1565,0.997444089456869
STNR000804,3,1565,0.9980830670926517
STNR000805,7,1565,0.9955271565495207
STNR000806,8,1565,0.994888178913738
STNR000807,7,1565,0.9955271565495207
STNR000808,7,1565,0.9955271565495207
STNR000809,8,1565,0.994888178913738
STNR000810,8,1565,0.994888178913738
STNR000811,4,1565,0.997444089456869
STNR000812,6,1565,0.9961661341853035
STNR000813,12,1565,0.9923322683706071
STNR000814,8,1565,0.994888178913738
STNR000815,6,1565,0.9961661341853035
STNR000816,7,1565,0.9955271565495207
STNR000817,5,1565,0.9968051118210862
STNR000818,6,1565,0.9961661341853035
STNR000819,9,1565,0.9942492012779552
STNR000820,10,1565,0.9936102236421726
STNR000821,5,1565,0.9968051118210862
STNR000822,8,1565,0.994888178913738
STNR000823,5,1565,0.9968051118210862
STNR000824,7,1565,0.9955271565495207
STNR000825,8,1565,0.994888178913738
STNR000826,11,1565,0.9929712460063898
STNR000827,4,1565,0.997444089456869
STNR000828,7,1565,0.9955271565495207
STNR000829,9,1565,0.9942492012779552
STNR000830,5,1565,0.9968051118210862
STNR000831,3,1565,0.9980830670926517
STNR000832,6,1565,0.9961661341853035
STNR000833,11,1565,0.9929712460063898
STNR000834,4,1565,0.997444089456869
STNR000835,4,1565,0.997444089456869
STNR000836,3,1565,0.9980830670926517
STNR000837,4,1565,0.997444089456869
STNR000838,4,1565,0.997444089456869
STNR000839,5,1565,0.9968051118210862
STNR000840,11,1565,0.9929712460063898
STNR000841,8,1565,0.994888178913738
STNR000842,8,1565,0.994888178913738
STNR000843,6,1565,0.9961661341853035
STNR000844,8,1565,0.994888178913738
STNR000845,10,1565,0.9936102236421726
STNR000846,7,1565,0.9955271565495207
STNR000847,7,1565,0.9955271565495207
STNR000848,10,1565,0.9936102236421726
STNR000849,3,1565,0.9980830670926517
STNR000850,3,1565,0.9980830670926517
STNR000851,3,1565,0.9980830670926517
STNR000852,4,1565,0.997444089456869
STNR000853,9,1565,0.9942492012779552
STNR000854,13,1565,0.9916932907348243
STNR000855,10,1565,0.9936102236421726
STNR000856,12,1565,0.9923322683706071
STNR000857,12,1565,0.9923322683706071
STNR000858,9,1565,0.9942492012779552
STNR000859,10,1565,0.9936102236421726
STNR000860,9,1565,0.9942492012779552
STNR000861,6,1565,0.9961661341853035
STNR000862,9,1565,0.9942492012779552
STNR000863,9,1565,0.9942492012779552
STNR000864,12,1565,0.9923322683706071
STNR000865,9,1565,0.9942492012779552
STNR000866,8,1565,0.994888178913738
STNR000867,7,1565,0.9955271565495207
STNR000868,11,1565,0.9929712460063898
STNR000869,7,1565,0.9955271565495207
STNR000870,9,1565,0.9942492012779552
STNR000871,4,1565,0.997444089456869
STNR000872,5,1565,0.9968051118210862
STNR000873,3,1565,0.9980830670926517
STNR000874,4,1565,0.997444089456869
STNR000875,8,1565,0.994888178913738
STNR000876,8,1565,0.994888178913738
STNR000877,6,1565,0.9961661341853035
STNR000878,9,1565,0.9942492012779552
STNR000879,11,1565,0.9929712460063898
STNR000880,4,1565,0.997444089456869
STNR000881,10,1565,0.9936102236421726
STNR000882,11,1565,0.9929712460063898
STNR000883,9,1565,0.9942492012779552
STNR000884,13,1565,0.9916932907348243
STNR000885,11,1565,0.9929712460063898
STNR000886,10,1565,0.9936102236421726
STNR000887,10,1565,0.9936102236421726
STNR000888,10,1565,0.9936102236421726
STNR000889,6,1565,0.9961661341853035
STNR000890,8,1565,0.994888178913738
STNR000891,10,1565,0.9936102236421726
STNR000892,7,1565,0.9955271565495207
STNR000893,6,1565,0.9961661341853035
STNR000894,12,1565,0.9923322683706071
STNR000895,10,1565,0.9936102236421726
STNR000896,11,1565,0.9929712460063898
STNR000897,7,1565,0.9955271565495207
STNR000898,4,1565,0.997444089456869
STNR000899,5,1565,0.9968051118210862
STNR000900,11,1565,0.9929712460063898
STNR000901,9,1565,0.9942492012779552
STNR000902,15,1565,0.9904153354632588
STNR000903,14,1565,0.9910543130990416
STNR000904,6,1565,0.9961661341853035
STNR000905,9,1565,0.9942492012779552
STNR000906,3,1565,0.9980830670926517
STNR000907,6,1565,0.9961661341853035
STNR000908,6,1565,0.9961661341853035
STNR000909,5,1565,0.9968051118210862
STNR000912,7,1565,0.9955271565495207
STNR000913,4,1565,0.997444089456869
STNR000914,9,1565,0.9942492012779552
STNR000915,6,1565,0.9961661341853035
STNR000916,11,1565,0.9929712460063898
STNR000917,9,1565,0.9942492012779552
STNR000918,4,1565,0.997444089456869
STNR000919,6,1565,0.9961661341853035
STNR000920,8,1565,0.994888178913738
STNR000921,13,1565,0.9916932907348243
STNR000922,7,1565,0.9955271565495207
STNR000923,16,1565,0.9897763578274761
STNR000924,4,1565,0.997444089456869
STNR000925,6,1565,0.9961661341853035
STNR000926,6,1565,0.9961661341853035
STNR000927,6,1565,0.9961661341853035
STNR000928,4,1565,0.997444089456869
STNR000929,6,1565,0.9961661341853035
STNR000930,10,1565,0.9936102236421726
STNR000931,13,1565,0.9916932907348243
STNR000932,9,1565,0.9942492012779552
STNR000933,4,1565,0.997444089456869
STNR000934,9,1565,0.9942492012779552
STNR000936,8,1565,0.994888178913738
STNR000937,4,1565,0.997444089456869
STNR000938,3,1565,0.9980830670926517
STNR000939,4,1565,0.997444089456869
STNR000940,3,1565,0.9980830670926517
STNR000941,3,1565,0.9980830670926517
STNR000942,3,1565,0.9980830670926517
STNR000943,4,1565,0.997444089456869
STNR000944,3,1565,0.9980830670926517
STNR000945,3,1565,0.9980830670926517
STNR000946,3,1565,0.9980830670926517
STNR000947,5,1565,0.9968051118210862
STNR000948,3,1565,0.9980830670926517
STNR000949,3,1565,0.9980830670926517
STNR000950,3,1565,0.9980830670926517
STNR000951,4,1565,0.997444089456869
STNR000952,4,1565,0.997444089456869
STNR000953,5,1565,0.9968051118210862
STNR000954,5,1565,0.9968051118210862
STNR000955,4,1565,0.997444089456869
STNR000956,10,1565,0.9936102236421726
STNR000957,8,1565,0.994888178913738
STNR000958,3,1565,0.9980830670926517
STNR000959,4,1565,0.997444089456869
STNR000960,8,1565,0.994888178913738
STNR000961,9,1565,0.9942492012779552
STNR000962,13,1565,0.9916932907348243
STNR000963,5,1565,0.9968051118210862
STNR000964,9,1565,0.9942492012779552
STNR000965,5,1565,0.9968051118210862
STNR000966,8,1565,0.994888178913738
STNR000967,4,1565,0.997444089456869
STNR000968,7,1565,0.9955271565495207
STNR000969,10,1565,0.9936102236421726
STNR000970,16,1565,0.9897763578274761
STNR000971,12,1565,0.9923322683706071
STNR000972,13,1565,0.9916932907348243
STNR000973,6,1565,0.9961661341853035
STNR000974,3,1565,0.9980830670926517
STNR000976,4,1565,0.997444089456869
STNR000977,6,1565,0.9961661341853035
STNR000978,11,1565,0.9929712460063898
STNR000979,8,1565,0.994888178913738
STNR000980,14,1565,0.9910543130990416
STNR000981,8,1565,0.994888178913738
STNR000982,8,1565,0.994888178913738
STNR000983,8,1565,0.994888178913738
STNR000984,9,1565,0.9942492012779552
STNR000985,8,1565,0.994888178913738
STNR000986,10,1565,0.9936102236421726
STNR000987,9,1565,0.9942492012779552
STNR000988,8,1565,0.994888178913738
STNR000989,9,1565,0.9942492012779552
STNR000990,9,1565,0.9942492012779552
STNR000991,8,1565,0.994888178913738
STNR000992,9,1565,0.9942492012779552
STNR000993,7,1565,0.9955271565495207
STNR000994,4,1565,0.997444089456869
STNR000995,5,1565,0.9968051118210862
STNR000996,3,1565,0.9980830670926517
STNR000997,15,1565,0.9904153354632588
STNR000998,16,1565,0.9897763578274761
STNR000999,20,1565,0.9872204472843451
STNR001000,16,1565,0.9897763578274761
